website,cmps
https://www.iop.org/,['OneTrust']
https://www.westernunion.com/us/en/home.html,['OneTrust']
https://www.freshworks.com/live-chat-software/,['OneTrust']
https://www.aarp.org/,['OneTrust']
https://www.zara.com/,['OneTrust']
https://www.allure.com/,['OneTrust']
https://www.flashscore.fi/,['OneTrust']
https://www.webroot.com/us/en,['OneTrust']
https://www.urbandictionary.com/,['OneTrust']
https://info.credly.com/,['OneTrust']
https://www.starwars.com/,['OneTrust']
https://www.watson.ch/,['OneTrust']
https://www.tripadvisor.co.uk/,['OneTrust']
https://www.vivint.com/,['OneTrust']
https://na.panasonic.com/,['OneTrust']
https://www.lidl.cz/,['OneTrust']
https://group.accor.com/en,['OneTrust']
https://www.pingdom.com/,['OneTrust']
https://www.movistarplus.es/,['OneTrust']
https://www.safeway.com/,['OneTrust']
https://www.csmonitor.com/,['OneTrust']
https://www.tanium.com/,['OneTrust']
https://www.diretta.it/,['OneTrust']
https://www.miodottore.it/,['OneTrust']
https://www.iso.org/home.html,['OneTrust']
https://www.veed.io/,['OneTrust']
https://www.claro.com.br/,['OneTrust']
https://www.verint.com/voice-of-the-customer/predictive-modeling/,['OneTrust']
https://soundcloud.com/,['OneTrust']
https://www.sympla.com.br/,['OneTrust']
https://www.iseeme.com/en-us/,['OneTrust']
https://www.criteo.com/,['OneTrust']
https://sports.sportingbet.bet.br/pt-br/sports,['OneTrust']
https://www.ticketmaster.com/,['OneTrust']
https://www.flashscore.com.ve/,['OneTrust']
https://www.avast.com/en-us/index#mac,['OneTrust']
https://simplisafe.com/,['OneTrust']
https://www.belkin.com/,['OneTrust']
https://www.sanspo.com/,['OneTrust']
https://www.huffpost.com/,['OneTrust']
https://verve.com/performance-marketplace-sellers/,['OneTrust']
https://squareup.com/us/en,['OneTrust']
https://www.seattletimes.com/,['OneTrust']
https://www.flashscore.ro/,['OneTrust']
https://www.mimecast.com/,['OneTrust']
https://www.marksandspencer.com/,['OneTrust']
https://www.talbots.com/homepage,['OneTrust']
https://www.cwtv.com/,['OneTrust']
https://www.livescores.com/?tz=-4,['OneTrust']
https://inter.co/,['OneTrust']
https://www.tide.co/,['OneTrust']
https://9gag.com/,['OneTrust']
https://www.ala.org/,['OneTrust']
https://www.deporvillage.com/,['OneTrust']
https://www.scopus.com/search/form.uri?display=basic#basic,['OneTrust']
https://www.oreilly.com/radar/,['OneTrust']
https://www.gsp.ro/,['OneTrust']
https://www.lidl.pl/,['OneTrust']
https://www.domain.com/,['OneTrust']
https://www.sheknows.com/,['OneTrust']
https://www.bizjournals.com/,['OneTrust']
https://quillbot.com/,['OneTrust']
https://www.gumtree.com/,['OneTrust']
https://athome.fandango.com/,['OneTrust']
https://www.simonandschuster.com/,['OneTrust']
https://www.newyorker.com/,['OneTrust']
https://www.sonos.com/en-us/home,['OneTrust']
https://www.caranddriver.com/,['OneTrust']
https://front.com/,['OneTrust']
https://www.ccleaner.com/,['OneTrust']
https://creators.spotify.com/,['OneTrust']
https://www.maurices.com/,['OneTrust']
https://tvn24.pl/,['OneTrust']
https://www.yourdictionary.com/,['OneTrust']
https://www.icims.com/,['OneTrust']
https://www.binance.info/en,['OneTrust']
https://www.iflscience.com/,['OneTrust']
https://www.epam.com/,['OneTrust']
https://www.which.co.uk/,['OneTrust']
https://www.olo.com/,['OneTrust']
https://www.popularmechanics.com/,['OneTrust']
https://www.docusign.com/,['OneTrust']
https://secondlife.com/,['OneTrust']
https://www.viber.com/en/,['OneTrust']
https://www.abola.pt/,['OneTrust']
https://www.bartleby.com/,['OneTrust']
https://vix.com/es-es/ondemand,['OneTrust']
https://www.se.com/ww/en/,['OneTrust']
https://www.nexon.com/main/en,['OneTrust']
https://www.chick-fil-a.com/one,['OneTrust']
https://www.lookout.com/,['OneTrust']
https://www.zendesk.com/platform/conversations/,['OneTrust']
https://jamanetwork.com/,['OneTrust']
https://www.chess.com/,['OneTrust']
https://www.tvguide.com/,['OneTrust']
https://www.docker.com/,['OneTrust']
https://www.vogue.it/,['OneTrust']
https://www.belezanaweb.com.br/,['OneTrust']
https://www.20min.ch/,['OneTrust']
https://www.macys.com/,['OneTrust']
https://www.cars.com/,['OneTrust']
https://www.frontiersin.org/,['OneTrust']
https://www.mcdonalds.com/us/en-us.html,['OneTrust']
https://www.britishcouncil.org/,['OneTrust']
https://www.glassdoor.com/index.htm,['OneTrust']
https://www.alz.org/,['OneTrust']
https://tixcraft.com/,['OneTrust']
https://www.comodo.com/,['OneTrust']
https://www.medicalnewstoday.com/,['OneTrust']
https://www.cnnturk.com/,['OneTrust']
https://linktr.ee/,['OneTrust']
https://www2.hm.com/en_us/index.html,['OneTrust']
https://www.bankrate.com/,['OneTrust']
https://www.fandom.com/,['OneTrust']
https://www.availity.com/,['OneTrust']
https://www.name.com/,['OneTrust']
https://www.theknot.com/,['OneTrust']
https://www.tractorsupply.com/,['OneTrust']
https://www.lidl.com/,['OneTrust']
https://www.nbcsports.com/,['OneTrust']
https://www.stiripesurse.ro/,['OneTrust']
https://www.dlsite.com/index.html,['OneTrust']
https://www.bluehost.com/,['OneTrust']
https://www.sisal.it/,['OneTrust']
https://www.flashscore.co.uk/,['OneTrust']
https://audiomack.com/,['OneTrust']
https://www.demonware.net/,['OneTrust']
https://www.weightwatchers.com/us/,['OneTrust']
https://www.legalzoom.com/,['OneTrust']
https://www.lefties.com/,['OneTrust']
https://www.pitneybowes.com/us,['OneTrust']
https://www.olx.pl/,['OneTrust']
https://www.zee5.com/global,['OneTrust']
https://www.shrm.org/,['OneTrust']
https://geizhals.de/,['OneTrust']
https://www.ubisoft.com/en-us/,['OneTrust']
https://www.hostgator.com/,['OneTrust']
https://www.sklum.com/es/,['OneTrust']
https://www.verywellfit.com/,['OneTrust']
https://www.medicinenet.com/,['OneTrust']
https://www.bestbuy.ca/en-ca,['OneTrust']
https://www.wufoo.com/,['OneTrust']
https://www.spglobal.com/en,['OneTrust']
https://www.bankofamerica.com/,['OneTrust']
https://cardgames.io/,['OneTrust']
https://www.gartner.com/en,['OneTrust']
https://www.ncaa.com/,['OneTrust']
https://www.biography.com/,['OneTrust']
https://bitly.com/,['OneTrust']
https://www.bms.com/,['OneTrust']
https://unity.com/products/vivox-voice-chat,['OneTrust']
https://lokalise.com/,['OneTrust']
https://www.bancsabadell.com/bsnacional/es/particulares/,['OneTrust']
https://www.splunk.com/,['OneTrust']
https://www.angi.com/,['OneTrust']
https://www.shownieuws.nl/,['OneTrust']
https://www.parents.com/,['OneTrust']
https://www.ehow.com/,['OneTrust']
https://www.livesport.cz/,['OneTrust']
https://www.spreaker.com/,['OneTrust']
https://bitly.com/pages/landing/branded-short-domains-powered-by-bitly?bsd=trstp.io,['OneTrust']
https://www.houseoffraser.co.uk/,['OneTrust']
https://www.dotloop.com/,['OneTrust']
https://gumgum.com/,['OneTrust']
https://www.ice.com/index,['OneTrust']
https://www.rokt.com/,['OneTrust']
https://www.sumup.com/en-us/,['OneTrust']
https://pitchfork.com/,['OneTrust']
https://www.chartboost.com/,['OneTrust']
https://www.sunrise.ch/de/home,['OneTrust']
https://www.lexisnexis.com/en-us/gateway.page,['OneTrust']
https://www.foodnetwork.com/,['OneTrust']
https://www.indexexchange.com/,['OneTrust']
https://www.sweetwater.com/,['OneTrust']
https://www.iddaa.com/,['OneTrust']
https://www.mapquest.com/,['OneTrust']
https://www.hootsuite.com/pages/owly,['OneTrust']
https://www.espn.com.br/,['OneTrust']
https://www.self.com/,['OneTrust']
https://www.flashscore.com.ng/,['OneTrust']
https://login.xfinity.com/login?c_ds_na=c_ds_na%2Cc_ds_no%2Cc_ds_ts%2Cclient_id%2Ccontinue%2CforceAuthn%2Cr%2CreqId%2Cs&c_ds_no=F12C5C72CE180682CEB91585D61EA975&c_ds_ts=1742482503&c_ds_val=0217302959B69878308AE4F4E98EEF84010BFE6465ACFA83354DA21D0594507A&client_id=home-xfinity-com&continue=https%3A%2F%2Foauth.xfinity.com%2F%2Foauth%2Fauthorize%3Fclient_id%3Dhome-xfinity-com%26response_type%3Dcode%26state%3D%2F%26redirect_uri%3Dhttps%3A%2F%2Fhome.xfinity.com%2Fsession%2Fcima_oauth2redirect%2F%26partner_id%3Dcomcast%26prompt%3Dlogin%26response%3D1%26reqId%3D86d07dce-bdd8-4c44-a5f1-6f53b379eddf&forceAuthn=1&r=comcast.net&reqId=86d07dce-bdd8-4c44-a5f1-6f53b379eddf&s=oauth,['OneTrust']
https://www.cat.com/global-selector.html,['OneTrust']
https://www.exoclick.com/,['OneTrust']
https://www.rockstargames.com/,['OneTrust']
https://gendai.media/,['OneTrust']
https://www.grubhub.com/,['OneTrust']
https://www.paycor.com/,['OneTrust']
https://www.solitar.io/,['OneTrust']
https://www.livescore.in/,['OneTrust']
https://www.webex.com/,['OneTrust']
https://stirileprotv.ro/,['OneTrust']
https://www.adweek.com/,['OneTrust']
https://www.vogue.co.uk/,['OneTrust']
https://www.fool.com/,['OneTrust']
https://www.salesforce.com/,['OneTrust']
https://www.ivanti.com/,['OneTrust']
https://www.imaginelearning.com/,['OneTrust']
https://www.lidl.es/,['OneTrust']
https://search.worldcat.org/,['OneTrust']
https://www.news24.com/,['OneTrust']
https://paramount.tech/,['OneTrust']
https://www.disneyplus.com/,['OneTrust']
https://www.roman.co.uk/,['OneTrust']
https://www.theepochtimes.com/,['OneTrust']
https://www.syfy.com/,['OneTrust']
https://www.renfe.com/es/en,['OneTrust']
https://www.tripadvisor.com/,['OneTrust']
https://www.etam.com/,['OneTrust']
https://www.headspace.com/,['OneTrust']
https://www.tradeinn.com/en,['OneTrust']
https://www.lidl.sk/,['OneTrust']
https://www.airindia.com/,['OneTrust']
https://www.homedepot.ca/en/home.html,['OneTrust']
https://www.aljazeera.com/,['OneTrust']
https://www.jpmorgan.com/global,['OneTrust']
https://mailchimp.com/,['OneTrust']
https://www.olx.pt/,['OneTrust']
https://pluto.tv/us/live-tv/5a4d3a00ad95e4718ae8d8db,['OneTrust']
https://www.flashscore.com.tr/,['OneTrust']
https://www.heart.org/,['OneTrust']
https://uisp.com/uisp-overview,['OneTrust']
https://www.hpsmart.com/us/en,['OneTrust']
https://www.buzzfeed.com/,['OneTrust']
https://wargaming.net/en,['OneTrust']
https://www.nvidia.com/en-us/,['OneTrust']
https://superbet.pl/intro,['OneTrust']
https://www.peardeck.com/,['OneTrust']
https://www.costcotravel.com/,['OneTrust']
https://www.ricoh.com/,['OneTrust']
https://www.mynavi.jp/,['OneTrust']
https://www.akc.org/,['OneTrust']
https://www.zf.ro/,['OneTrust']
https://www.atg.se/,['OneTrust']
https://www.nielsen.com/,['OneTrust']
https://www.routledge.com/,['OneTrust']
https://www.gamma.nl/,['OneTrust']
https://umbrella.cisco.com/,['OneTrust']
https://economictimes.indiatimes.com/,['OneTrust']
https://uiowa.edu/,['OneTrust']
https://www.grab.com/sg/,['OneTrust']
https://www.fortinet.com/,['OneTrust']
https://www.tcd.ie/,['OneTrust']
https://wasabi.com/,['OneTrust']
https://tritondigital.com/,['OneTrust']
https://cloudinary.com/,['OneTrust']
https://us.pandora.net/,['OneTrust']
https://auth0.com/,['OneTrust']
https://www.health.com/,['OneTrust']
https://www.t-mobile.com/,['OneTrust']
https://www.mimecast.com/products/incydr/,['OneTrust']
https://www.linksys.com/,['OneTrust']
https://www.directv.com/,['OneTrust']
https://www.aritzia.com/,['OneTrust']
"https://www.gazeta.pl/0,0.html",['OneTrust']
https://www.activecampaign.com/,['OneTrust']
https://www.northwesternmutual.com/,['OneTrust']
https://www.mendeley.com/,['OneTrust']
https://www.thedodo.com/,['OneTrust']
https://about.gitlab.com/,['OneTrust']
https://www.ey.com/en_us,['OneTrust']
https://www.cloudbees.com/capabilities/feature-management,['OneTrust']
https://us.shop.battle.net/en-us#optLogin=true,['OneTrust']
https://www.rsc.org/,['OneTrust']
https://www.aswatson.com/,['OneTrust']
https://www.homeadvisor.com/,['OneTrust']
https://cards.barclaycardus.com/,['OneTrust']
https://www.anthology.com/blackboard-is-now-anthology,['OneTrust']
https://www.turnitin.com/,['OneTrust']
https://www.bmj.com/,['OneTrust']
https://www.liveintent.com/,['OneTrust']
https://www.nationalacademies.org/,['OneTrust']
https://corp.narvar.com/,['OneTrust']
https://www.honeywell.com/us/en,['OneTrust']
https://www.sage.com/en-us/,['OneTrust']
https://www.booking.com/?cdn=1,['OneTrust']
https://myspace.com/,['OneTrust']
https://www.linkfire.com/,['OneTrust']
https://www.oclc.org/en/home.html?redirect=true,['OneTrust']
https://www.airtable.com/,['OneTrust']
https://www.threatdown.com/,['OneTrust']
https://discord.com/,['OneTrust']
https://www.sezane.com/us,['OneTrust']
https://www.boots.com/,['OneTrust']
https://www.upstart.com/,['OneTrust']
https://www.myway.com/,['OneTrust']
https://www.fourseasons.com/,['OneTrust']
https://womensecret.com/es/es,['OneTrust']
https://www.citigroup.com/global,['OneTrust']
https://www.inmotionhosting.com/,['OneTrust']
https://www.verkada.com/,['OneTrust']
https://www.microchip.com/,['OneTrust']
https://www.flashscore.in/,['OneTrust']
https://www.coingecko.com/,['OneTrust']
https://www.peek-cloppenburg.de/,['OneTrust']
https://deadline.com/,['OneTrust']
https://www.inquirer.com/,['OneTrust']
https://rec.net/,['OneTrust']
https://www.flashscore.it/,['OneTrust']
https://www.hepsiburada.com/,['OneTrust']
https://www.splunk.com/en_us/appdynamics-joins-splunk.html?301=appdynamics,['OneTrust']
https://www.totalwine.com/,['OneTrust']
https://www.auto24.ee/,['OneTrust']
https://pagesix.com/,['OneTrust']
https://www.acorns.com/,['OneTrust']
https://www.mheducation.com/,['OneTrust']
https://www.salesforce.com/,['OneTrust']
https://1kuji.com/,['OneTrust']
https://illinois.edu/,['OneTrust']
https://www.thespruceeats.com/,['OneTrust']
https://www.blackline.com/,['OneTrust']
https://www.dunelm.com/,['OneTrust']
https://www.cbs.com/,['OneTrust']
https://www.buydomains.com/,['OneTrust']
https://www.otodom.pl/,['OneTrust']
https://bendingspoons.com/,['OneTrust']
https://www.vivalocal.com/,['OneTrust']
https://gamma.app/,['OneTrust']
https://www.corel.com/en/,['OneTrust']
https://www.screenconnect.com/,['OneTrust']
https://www.usmagazine.com/,['OneTrust']
https://www.esquire.com/,['OneTrust']
https://www.wired.com/,['OneTrust']
https://www.paylocity.com/,['OneTrust']
https://www.architecturaldigest.com/,['OneTrust']
https://moodle.org/,['OneTrust']
https://www.bonappetit.com/,['OneTrust']
https://www.salesforce.com/,['OneTrust']
https://www.fanatik.com.tr/,['OneTrust']
https://squareup.com/us/en,['OneTrust']
https://www.ted.com/,['OneTrust']
https://www.eonline.com/,['OneTrust']
https://ziare.com/,['OneTrust']
https://www.hobbylobby.com/,['OneTrust']
https://www.autozone.com/,['OneTrust']
https://www.symbolab.com/,['OneTrust']
https://www.pullandbear.com/us/,['OneTrust']
https://www.barchart.com/,['OneTrust']
https://www.ledger.com/,['OneTrust']
https://www.buienradar.nl/,['OneTrust']
https://www.lever.co/,['OneTrust']
https://www.callofduty.com/,['OneTrust']
https://www.fandango.com/,['OneTrust']
https://www.cigna.com/,['OneTrust']
https://www.polsatnews.pl/,['OneTrust']
https://elisa.fi/,['OneTrust']
https://www.homegate.ch/en,['OneTrust']
https://www.flashscore.sk/,['OneTrust']
https://router-network.com/,['OneTrust']
https://www.nhl.com/,['OneTrust']
https://asana.com/,['OneTrust']
https://www.carrefour.es/,['OneTrust']
https://www.sportdog.gr/,['OneTrust']
https://www.salesforce.com/,['OneTrust']
https://www.haven.com/,['OneTrust']
https://www.collinsdictionary.com/,['OneTrust']
https://ethz.ch/de.html,['OneTrust']
https://healthy.kaiserpermanente.org/front-door,['OneTrust']
https://www.ntv.com.tr/,['OneTrust']
https://www.kone.com/en/,['OneTrust']
https://www.drogaraia.com.br/,['OneTrust']
https://p-bandai.jp/global_newpc.html,['OneTrust']
https://www.lidl.nl/,['OneTrust']
https://www.classdojo.com/,['OneTrust']
https://www.getjobber.com/,['OneTrust']
https://www.nvidia.com/en-us/geforce/,['OneTrust']
https://nova.rs/,['OneTrust']
https://www.acehardware.com/,['OneTrust']
https://www.salesforce.com/marketing/personalization/,['OneTrust']
https://www.register.com/,['OneTrust']
https://www.veepee.fr/gr/home/default,['OneTrust']
https://www.victoriassecret.com/us/,['OneTrust']
https://www.peacocktv.com/,['OneTrust']
https://www.news-medical.net/,['OneTrust']
https://www.zynga.com/,['OneTrust']
https://www.michaelkors.com/,['OneTrust']
https://www.mtv.com/,['OneTrust']
https://www.nationalgeographic.com/,['OneTrust']
https://www.marvel.com/,['OneTrust']
https://outlier.ai/,['OneTrust']
https://ridewithvia.com/,['OneTrust']
https://www.electrodepot.fr/,['OneTrust']
https://www.haaretz.com/,['OneTrust']
https://www.nokia.com/,['OneTrust']
https://www.moloco.com/,['OneTrust']
https://www.talend.com/,['OneTrust']
https://www.today.com/,['OneTrust']
https://pebblego.com/,['OneTrust']
https://www.mouser.com/,['OneTrust']
https://www.deepintent.com/,['OneTrust']
https://www.bloomingdales.com/,['OneTrust']
https://www.livestrong.com/,['OneTrust']
https://www.verywellhealth.com/,['OneTrust']
https://www.zend.com/,['OneTrust']
https://prezi.com/,['OneTrust']
https://www.winzip.com/en/,['OneTrust']
https://www.curbed.com/,['OneTrust']
https://www.pewresearch.org/,['OneTrust']
https://www.gametwist.com/en/,['OneTrust']
https://www.airship.com/,['OneTrust']
https://www.maxpreps.com/,['OneTrust']
https://www.splunk.com/en_us/about-splunk/acquisitions/signalfx.html,['OneTrust']
https://www.hp.com/us-en/home.html,['OneTrust']
https://www.lidl.be/,['OneTrust']
https://www.zendesk.com/,['OneTrust']
https://www.uipath.com/,['OneTrust']
https://www.meinbezirk.at/,['OneTrust']
https://www.teenvogue.com/,['OneTrust']
https://investor.vanguard.com/corporate-portal,['OneTrust']
https://www.reference.com/,['OneTrust']
https://www.futurelearn.com/,['OneTrust']
https://www.schwab.com/,['OneTrust']
https://www.buzzfeednews.com/,['OneTrust']
https://www.mgmresorts.com/en.html,['OneTrust']
https://www.forrester.com/bold/,['OneTrust']
https://www.cbre.com/,['OneTrust']
https://www.yelp.com/,['OneTrust']
https://www.shipstation.com/,['OneTrust']
https://picpay.com/,['OneTrust']
https://askubuntu.com/,['OneTrust']
https://playrix.com/,['OneTrust']
https://www.ncl.com/,['OneTrust']
https://www.newsday.com/,['OneTrust']
https://www.digisport.ro/,['OneTrust']
https://simpli.fi/,['OneTrust']
https://www.trenitalia.com/it.html,['OneTrust']
https://www.algolia.com/,['OneTrust']
https://stackoverflow.com/questions,['OneTrust']
https://www.allianz.de/,['OneTrust']
https://www.tecnomat.it/it/,['OneTrust']
https://www.epsilon.com/us?redirect=dotomi,['OneTrust']
https://www.cengage.com/,['OneTrust']
https://www.cargurus.com/,['OneTrust']
https://www.bandsintown.com/,['OneTrust']
https://www.surveymonkey.com/,['OneTrust']
https://trello.com/,['OneTrust']
https://www.thecut.com/,['OneTrust']
https://streamlabs.com/,['OneTrust']
https://www.nobelprize.org/,['OneTrust']
https://superbet.ro/introducere,['OneTrust']
https://www.espn.com.mx/,['OneTrust']
https://www.activision.com/,['OneTrust']
https://bitly.com/,['OneTrust']
https://www.healthline.com/,['OneTrust']
https://www.kuleuven.be/kuleuven/,['OneTrust']
https://www.fifa.com/en,['OneTrust']
https://jivox.com/,['OneTrust']
https://www.callrail.com/,['OneTrust']
https://www.tableau.com/,['OneTrust']
https://www.lse.ac.uk/,['OneTrust']
https://www.goodhousekeeping.com/,['OneTrust']
https://www.pandora.com/,['OneTrust']
https://www.esri.com/en-us/home,['OneTrust']
https://supercell.com/en/games/clashofclans/,['OneTrust']
https://www.flashscore.com.ua/,['OneTrust']
https://www.brivo.com/,['OneTrust']
https://www.typeform.com/,['OneTrust']
https://www.cell.com/,['OneTrust']
https://www.uic.edu/,['OneTrust']
https://www.picard.fr/,['OneTrust']
https://www.st.com/content/st_com/en.html,['OneTrust']
https://www.ama-assn.org/,['OneTrust']
https://www.eater.com/,['OneTrust']
https://www.split.io/,['OneTrust']
https://arstechnica.com/,['OneTrust']
https://abcnews.go.com/,['OneTrust']
https://www.mediaexpert.pl/,['OneTrust']
https://www.nbc.com/,['OneTrust']
https://www.tivo.com/,['OneTrust']
https://www.popsugar.com/,['OneTrust']
https://today.yougov.com/,['OneTrust']
https://www.pingdom.com/,['OneTrust']
https://bleacherreport.com/,['OneTrust']
https://www.ebanx.com/en/,['OneTrust']
https://www.sony.com/en/,['OneTrust']
https://unity.com/,['OneTrust']
https://www.hbo.com/,['OneTrust']
https://www.yumpu.com/en,['OneTrust']
https://www.enuygun.com/,['OneTrust']
https://www.klaviyo.com/,['OneTrust']
https://www.newstatesman.com/,['OneTrust']
https://www.audacy.com/,['OneTrust']
https://www.treasuredata.com/,['OneTrust']
https://www.mlb.com/,['OneTrust']
https://www.rezultati.com/,['OneTrust']
https://www.go.com/,['OneTrust']
https://www.ruckusnetworks.com/?utm_source=ruckus&utm_medium=redirect,['OneTrust']
https://www.freshworks.com/freshdesk/,['OneTrust']
https://www.studocu.com/,['OneTrust']
https://www2.telenet.be/residential/nl,['OneTrust']
https://www.flashscore.co.ke/,['OneTrust']
https://www.very.co.uk/,['OneTrust']
https://www.espn.ph/,['OneTrust']
https://www.fastly.com/,['OneTrust']
https://www.hurriyet.com.tr/,['OneTrust']
https://www.radiozet.pl/,['OneTrust']
https://www.crowdstrike.com/en-us/,['OneTrust']
https://www.heap.io/,['OneTrust']
https://forzastyle.com/,['OneTrust']
https://www.spareroom.co.uk/,['OneTrust']
https://www.lyft.com/,['OneTrust']
https://www.wired.com/,['OneTrust']
https://www.bluewin.ch/de/index.html,['OneTrust']
https://www.rituals.com/,['OneTrust']
https://www.active.com/,['OneTrust']
https://www.cancan.ro/,['OneTrust']
https://www.lafeltrinelli.it/,['OneTrust']
https://estacio.br/,['OneTrust']
https://www.nature.org/en-us/,['OneTrust']
https://www.bankier.pl/,['OneTrust']
https://www.monopolygo.com/,['OneTrust']
https://www.braze.com/,['OneTrust']
https://www.gmu.edu/,['OneTrust']
https://www.flightstats.com/v2,['OneTrust']
https://www.jnj.com/,['OneTrust']
https://www.opentext.com/,['OneTrust']
https://zapier.com/,['OneTrust']
https://www.teamviewer.com/en-us/,['OneTrust']
https://www.priceline.com/,['OneTrust']
https://www.mapbox.com/,['OneTrust']
https://www.meetup.com/,['OneTrust']
https://moovitapp.com/boston_ma-141/poi/en,['OneTrust']
https://www.cafepress.com/,['OneTrust']
https://www.urbandictionary.com/,['OneTrust']
https://www.outbrain.com/,['OneTrust']
https://autogidas.lt/,['OneTrust']
https://www.care.com/,['OneTrust']
https://www.khanacademy.org/,['OneTrust']
https://www.flashscore.vn/,['OneTrust']
https://www.pendo.io/,['OneTrust']
https://www.tim.it/,['OneTrust']
https://www.hbs.edu/,['OneTrust']
https://www.thrillist.com/,['OneTrust']
https://www.chegg.com/,['OneTrust']
https://www.worldwildlife.org/,['OneTrust']
https://www.mediafax.ro/,['OneTrust']
https://www.rtve.es/,['OneTrust']
https://www.mountainwarehouse.com/,['OneTrust']
https://www.cisco.com/,['OneTrust']
https://www.cntraveler.com/,['OneTrust']
https://www.grammarly.com/,['OneTrust']
https://www.samsung.com/us/business/samsungads/,['OneTrust']
https://www.questdiagnostics.com/,['OneTrust']
https://www.tate.org.uk/,['OneTrust']
https://www.barnesandnoble.com/,['OneTrust']
https://www.domain.com/,['OneTrust']
https://www.marshalls.com/us/store/index.jsp,['OneTrust']
https://www.officedepot.com/,['OneTrust']
https://www.patagonia.com/home/,['OneTrust']
https://adme.media/,['OneTrust']
https://www.next.co.uk/,['OneTrust']
https://www.sbnation.com/,['OneTrust']
https://www.lyst.com/shop/womens/,['OneTrust']
https://www.sportinglife.com/,['OneTrust']
https://www1.pluska.sk/,['OneTrust']
https://www.themoviedb.org/,['OneTrust']
https://people.com/,['OneTrust']
https://www.bigbadtoystore.com/,['OneTrust']
https://www.hgtv.com/,['OneTrust']
https://www.qualtrics.com/,['OneTrust']
https://www.livescore.com/en/,['OneTrust']
https://corp.oup.com/,['OneTrust']
https://www.bose.com/home,['OneTrust']
https://www.planetwin365.it/it,['OneTrust']
https://www.solitairebliss.com/,['OneTrust']
https://www.thescore.com/,['OneTrust']
https://bringatrailer.com/,['OneTrust']
https://www.kandji.io/,['OneTrust']
https://www.capterra.com/,['OneTrust']
https://www.fisglobal.com/,['OneTrust']
https://www.ntvspor.net/,['OneTrust']
https://www.arkoselabs.com/,['OneTrust']
https://www.coursera.org/,['OneTrust']
https://www.watchguard.com/,['OneTrust']
https://www.vmware.com/,['OneTrust']
https://www.espn.com.ve/,['OneTrust']
https://www.governmentjobs.com/,['OneTrust']
https://permutive.com/,['OneTrust']
https://www.olx.ro/,['OneTrust']
https://www.smithsonianmag.com/,['OneTrust']
https://www.weebly.com/,['OneTrust']
https://lww.com/pages/default.aspx,['OneTrust']
https://megaphone.spotify.com/,['OneTrust']
https://www.brightcloud.com/,['OneTrust']
https://www.zoominfo.com/,['OneTrust']
https://www.military.com/,['OneTrust']
https://www.analog.com/en/index.html,['OneTrust']
https://www.kcl.ac.uk/,['OneTrust']
https://kpmg.com/xx/en.html,['OneTrust']
https://www.vodafone.com.tr/,['OneTrust']
https://www.32red.com/,['OneTrust']
https://www.eatingwell.com/,['OneTrust']
https://senderscore.org/,['OneTrust']
https://www.shutterstock.com/,['OneTrust']
https://www.otomoto.pl/,['OneTrust']
https://www.metrobyt-mobile.com/,['OneTrust']
https://us.soccerway.com/,['OneTrust']
https://www.cos.com/en_usd/index.html,['OneTrust']
https://www.expediapartnercentral.com/Account/Logon?returnUrl=https%3A%2F%2Fwww.expediapartnercentral.com%2F,"['OneTrust', 'Osano']"
https://clarivate.com/,['OneTrust']
https://www.antena3.ro/,['OneTrust']
https://www.vinted.pl/,['OneTrust']
https://www.avira.com/,['OneTrust']
https://www.dhl.de/de/privatkunden.html,['OneTrust']
https://www.prodigygame.com/main-en/,['OneTrust']
https://yieldmo.com/,['OneTrust']
https://www.pickx.be/,['OneTrust']
https://www.themoviedb.org/,['OneTrust']
https://www.turbosquid.com/,['OneTrust']
https://www.bancosantander.es/particulares,['OneTrust']
https://www.ui.com/,['OneTrust']
https://www.flashscore.dk/,['OneTrust']
https://www.otto.de/,['OneTrust']
https://onefootball.com/en/home,['OneTrust']
https://www.g4media.ro/,['OneTrust']
https://ausopen.com/,['OneTrust']
https://www.sophos.com/en-us,['OneTrust']
https://hover.to/,['OneTrust']
https://www.metacritic.com/,['OneTrust']
https://www.hotjar.com/,['OneTrust']
"https://www.flightradar24.com/42.34,-71.07/6",['OneTrust']
https://www.promoqui.it/,['OneTrust']
https://www.realsimple.com/,['OneTrust']
https://www.digitalspy.com/,['OneTrust']
https://www.viator.com/,['OneTrust']
https://www.samsung.com/us/,['OneTrust']
https://www.harpersbazaar.com/,['OneTrust']
https://www.warnerbros.com/,['OneTrust']
https://www.axs.com/,['OneTrust']
https://stockx.com/,['OneTrust']
https://www.zoom.com/,['OneTrust']
https://www.salesforce.com/,['OneTrust']
https://www.collegeboard.org/,['OneTrust']
https://www.braze.com/,['OneTrust']
https://www.ticketmaster.com.mx/,['OneTrust']
https://www.mathway.com/,['OneTrust']
https://www.braze.com/,['OneTrust']
https://volusion.com/,['OneTrust']
https://poe.com/login,['OneTrust']
https://www.atptour.com/en,['OneTrust']
https://www.gainsight.com/product-experience/,['OneTrust']
https://www.carrefour.fr/,['OneTrust']
https://royalsociety.org/journals/,['OneTrust']
https://www.scholastic.com/home,['OneTrust']
https://www.lumen.com/en-us/home.html,['OneTrust']
https://n1info.hr/,['OneTrust']
https://www.volaris.com/,['OneTrust']
https://www.thoughtco.com/,['OneTrust']
https://www.salesforce.com/,['OneTrust']
https://www.southernliving.com/,['OneTrust']
https://www.breuninger.com/,['OneTrust']
https://quizlet.com/,['OneTrust']
https://www.bigcommerce.com/,['OneTrust']
https://www.warframe.com/landing,['OneTrust']
https://www.coxautoinc.com/,['OneTrust']
https://www.diezminutos.es/,['OneTrust']
https://www.jet2holidays.com/,['OneTrust']
https://www.boeing.com/#innovation,['OneTrust']
https://www.empiresandpuzzles.com/,['OneTrust']
https://www.standvirtual.com/,['OneTrust']
https://www.ubisoft.com/en-us/,['OneTrust']
https://www.bjs.com/,['OneTrust']
https://www.milliyet.com.tr/,['OneTrust']
https://infogram.com/,['OneTrust']
https://www.qualcomm.com/,['OneTrust']
https://www.moengage.com/,['OneTrust']
https://solitaired.com/,['OneTrust']
https://www.lidl.fr/,['OneTrust']
https://www.athenahealth.com/,['OneTrust']
https://www.tripadvisor.com.ar/,['OneTrust']
https://www.gucci.com/us/en/,['OneTrust']
https://www.apa.org/,['OneTrust']
https://www.chanel.com/,['OneTrust']
https://www.redfin.com/,['OneTrust']
https://www.healthgrades.com/,['OneTrust']
https://www.columbia.com/,['OneTrust']
https://www.cancer.org/,['OneTrust']
https://superuser.com/,['OneTrust']
https://www.freshworks.com/,['OneTrust']
https://www.matalan.co.uk/,['OneTrust']
https://www.grancursosonline.com.br/,['OneTrust']
https://www.ninjaone.com/,['OneTrust']
https://www.atlasobscura.com/,['OneTrust']
https://business.tivo.com/,['OneTrust']
https://www.ashleyfurniture.com/,['OneTrust']
https://www.uniqlo.com/us/en/,['OneTrust']
https://newrepublic.com/,['OneTrust']
https://anydesk.com/en,['OneTrust']
https://www.surveymonkey.com/roles/cx/,['OneTrust']
https://www.snowflake.com/en/,['OneTrust']
https://www.warnerbros.com/,['OneTrust']
https://www.scientificamerican.com/,['OneTrust']
https://www.asda.com/,['OneTrust']
https://www.wallapop.com/,['OneTrust']
https://www.rainbird.com/,['OneTrust']
https://www.logitech.com/en-us,['OneTrust']
https://www.lifewire.com/,['OneTrust']
https://www.linode.com/,['OneTrust']
https://unity.com/,['OneTrust']
https://www.nuance.com/index.html,['OneTrust']
https://www.apartments.com/,['OneTrust']
https://www.cbsnews.com/cbslocal/,['OneTrust']
https://www.paramount.com/about/businesses/streaming,['OneTrust']
https://www.hootsuite.com/,['OneTrust']
https://www.snapfish.com/home,['OneTrust']
https://www.americanbar.org/,['OneTrust']
https://www.virginmedia.com/,['OneTrust']
https://www.ilsole24ore.com/,['OneTrust']
https://apnews.com/,['OneTrust']
https://www.geckoterminal.com/,['OneTrust']
https://www.touchtunes.com/,['OneTrust']
https://www.wurl.com/,['OneTrust']
https://thefa.com/,['OneTrust']
https://discord.com/,['OneTrust']
https://www.allrecipes.com/,['OneTrust']
https://www2.deloitte.com/us/en.html,['OneTrust']
https://www.samsung.com/us/,['OneTrust']
https://www.thenationalnews.com/,['OneTrust']
https://emarsys.com/,['OneTrust']
https://www.domestika.org/en,['OneTrust']
https://www.mastercard.us/en-us.html,['OneTrust']
https://sendbird.com/,['OneTrust']
https://www.backblaze.com/,['OneTrust']
https://www.menshealth.com/,['OneTrust']
https://www.last.fm/,['OneTrust']
https://myspringfield.com/es/es,['OneTrust']
https://www.southwest.com/,['OneTrust']
https://www.food.com/,['OneTrust']
https://www.t-mobile.com/,['OneTrust']
https://www.flashscore.co.za/,['OneTrust']
https://www.theverge.com/,['OneTrust']
https://www.tandfonline.com/,['OneTrust']
https://www.zoom.com/,['OneTrust']
https://www.bt.com/,['OneTrust']
https://www.sankei.com/,['OneTrust']
https://www.postman.com/,['OneTrust']
https://www.sbb.ch/de,['OneTrust']
https://www.ml.com/,['OneTrust']
https://kahoot.com/,['OneTrust']
https://bitnami.com/,['OneTrust']
https://adtelligent.com/,['OneTrust']
https://www.awin.com/,['OneTrust']
https://www.marthastewart.com/,['OneTrust']
https://www.ask.com/,['OneTrust']
https://www.hyundaiusa.com/us/en,['OneTrust']
https://www.heroku.com/,['OneTrust']
https://www.petfinder.com/,['OneTrust']
https://www.copart.com/,['OneTrust']
https://www.barracuda.com/,['OneTrust']
https://www.ringcentral.com/ringcentral-video.html,['OneTrust']
https://www.torrid.com/,['OneTrust']
https://www.reuters.com/,['OneTrust']
https://www.grammarly.com/,['OneTrust']
https://iqm.com/,['OneTrust']
https://www.subway.com/en-us,['OneTrust']
https://www.natura.com.br/,['OneTrust']
https://calendly.com/,['OneTrust']
https://www.kraken.com/,['OneTrust']
https://www.booking.com/,['OneTrust']
https://www.ivanti.com/company/history/mobileiron?miredirect,['OneTrust']
https://abcnews.go.com/politics,['OneTrust']
https://fareharbor.com/,['OneTrust']
https://www.docker.com/,['OneTrust']
https://www.coca-cola.com/us/en,['OneTrust']
https://www.livesport.com/en/,['OneTrust']
https://genially.com/,['OneTrust']
https://www.espncricinfo.com/,['OneTrust']
https://www.sagepub.com/,['OneTrust']
https://doublelist.com/,['OneTrust']
https://supercell.com/en/,['OneTrust']
https://www.rd.com/,['OneTrust']
https://heylink.me/,['OneTrust']
https://www.freshworks.com/freshservice/,['OneTrust']
https://www.databricks.com/,['OneTrust']
https://jwplayer.com/,['OneTrust']
https://www.francoisesaget.com/fr-fr/,['OneTrust']
https://www.softwareadvice.com/,['OneTrust']
https://www.aljazeera.net/,['OneTrust']
https://www.wolterskluwer.com/en,['OneTrust']
https://www.klarna.com/us/?grs=%2F&grr=empty,['OneTrust']
https://www.bill.com/product/spend-and-expense,['OneTrust']
https://www.accenture.com/us-en,['OneTrust']
https://www.millipiyangoonline.com/,['OneTrust']
https://pages.cloudflare.com/,['OneTrust']
https://www.oprah.com/index.html,['OneTrust']
https://www.moloco.com/,['OneTrust']
https://www.bbva.es/personas.html,['OneTrust']
https://www.siriusxm.com/,['OneTrust']
https://www.coveo.com/en,['OneTrust']
https://puhutv.com/,['OneTrust']
https://www.zendesk.com/service/messaging/live-chat-software/,['OneTrust']
https://mabanque.bnpparibas/,['OneTrust']
https://www.iso.org/home.html,['OneTrust']
https://www.dhl.com/us-en/home.html?locale=true,['OneTrust']
https://www.cnet.com/,['OneTrust']
https://www.pfizer.com/,['OneTrust']
https://hotnews.ro/,['OneTrust']
https://slack.com/,['OneTrust']
https://www.binance.com/en,['OneTrust']
https://www.globenewswire.com/,['OneTrust']
https://tv2.dk/,['OneTrust']
https://www.basf.com/us/en,['OneTrust']
https://www.avon.com/,['OneTrust']
https://pubnative.net/,['OneTrust']
https://www.deere.com/en/,['OneTrust']
https://www.flashscore.es/,['OneTrust']
https://www.humblebundle.com/,['OneTrust']
https://www.treehugger.com/,['OneTrust']
https://www.pokemon.com/us,['OneTrust']
https://www.romaniatv.net/,['OneTrust']
https://dxc.com/us/en,['OneTrust']
https://www.cnnbrasil.com.br/,['OneTrust']
https://www.bayer.com/en/,['OneTrust']
https://www.irishtimes.com/,['OneTrust']
https://rip.ie/,['OneTrust']
https://www.flashscore.com.mx/,['OneTrust']
https://www.olympics.com/,['OneTrust']
https://www.flashscore.ua/,['OneTrust']
https://www.cox.com/residential/home.html,['OneTrust']
https://www.kanald.com.tr/,['OneTrust']
https://www.onetrust.com/products/cookie-consent/,['OneTrust']
https://www.vonage.com/,['OneTrust']
https://www.okta.com/,['OneTrust']
https://www.lidl.ro/,['OneTrust']
https://www.k12.com/?schoolfinder=b,['OneTrust']
https://crypto.com/us,['OneTrust']
https://genially.com/,['OneTrust']
https://www.hulu.com/welcome,['OneTrust']
https://www.msnbc.com/,['OneTrust']
https://www.espn.com.ar/,['OneTrust']
https://code.org/,['OneTrust']
https://www.adameve.com/,['OneTrust']
https://www.liveabout.com/,['OneTrust']
https://www.namecheap.com/,['OneTrust']
https://www.wolterskluwer.com/en/solutions/uptodate,['OneTrust']
https://www.nottingham.ac.uk/,['OneTrust']
https://www.imperial.ac.uk/,['OneTrust']
https://www.sketchup.com/en,['OneTrust']
https://www.cambridge.org/,['OneTrust']
https://www.affirm.com/,['OneTrust']
https://www.rapid7.com/,['OneTrust']
https://www.wral.com/,['OneTrust']
https://www.dynatrace.com/,['OneTrust']
https://www.loom.com/,['OneTrust']
https://word.tips/,['OneTrust']
https://www.netlify.com/,['OneTrust']
https://www.tchibo.de/,['OneTrust']
https://www.breitbart.com/,['OneTrust']
https://www.elle.com/,['OneTrust']
https://about.gitlab.com/,['OneTrust']
https://www.opentext.com/products/listing?o=mf,['OneTrust']
https://www.thepioneerwoman.com/,['OneTrust']
https://kahoot.it/,['OneTrust']
https://www.neimanmarcus.com/,['OneTrust']
https://www.telenor.se/,['OneTrust']
https://www.sage.com/en-za/sage-business-cloud/accounting/,['OneTrust']
https://www.bata.com/,['OneTrust']
https://orcid.org/,['OneTrust']
https://www.nyu.edu/,['OneTrust']
https://siftscience.com/,['OneTrust']
https://www.pearson.com/en-us.html,['OneTrust']
https://www.amd.com/en.html,['OneTrust']
https://www.blizzard.com/en-us/,['OneTrust']
https://www.nbcnews.com/,['OneTrust']
https://www.vinted.co.uk/,['OneTrust']
https://www.cornerstoneondemand.com/,['OneTrust']
https://www.huffingtonpost.co.uk/,['OneTrust']
https://developer.atlassian.com/,['OneTrust']
https://www.travelocity.com/,['OneTrust']
https://sports.ma.betmgm.com/en/sports,['OneTrust']
https://www.danas.rs/,['OneTrust']
https://www.kabum.com.br/,['OneTrust']
https://www.grindr.com/,['OneTrust']
https://www.ulta.com/,['OneTrust']
https://gobid.co.za/,['OneTrust']
https://www.delish.com/,['OneTrust']
https://www.telia.se/,['OneTrust']
https://www.flashscore.ge/,['OneTrust']
https://www.vinted.es/,['OneTrust']
https://www.darty.com/,['OneTrust']
https://www.cbsnews.com/,['OneTrust']
https://www.ajc.com/,['OneTrust']
https://www.blackrock.com/us/individual,['OneTrust']
https://www.vizio.com/en/home,['OneTrust']
https://www.anu.edu.au/,['OneTrust']
https://www.mobfox.com/,['OneTrust']
https://www.flashscore.pt/,['OneTrust']
https://www.volvocars.com/us/,['OneTrust']
https://www.rds.ca/,['OneTrust']
https://www.harborfreight.com/,['OneTrust']
https://www.nasdaq.com/,['OneTrust']
https://odysee.com/,['OneTrust']
https://getpocket.com/home,['OneTrust']
https://www.sport.ro/,['OneTrust']
https://www.freewheel.com/,['OneTrust']
https://www.brevo.com/,['OneTrust']
https://eyeo.com/,['OneTrust']
https://american.edu/,['OneTrust']
https://login.lightspeedsystems.app/,['OneTrust']
https://www.icann.org/,['OneTrust']
https://www.datto.com/,['OneTrust']
https://www.vinted.it/,['OneTrust']
https://www.ebsco.com/,['OneTrust']
https://jurnalul.ro/,['OneTrust']
https://www.billboard.com/,['OneTrust']
https://www.pwc.com/us/en.html,['OneTrust']
https://www.rackspace.com/,['OneTrust']
https://www.royalcaribbean.com/,['OneTrust']
https://www.etoro.com/,['OneTrust']
https://www.logitechg.com/,['OneTrust']
https://www.monster.es/,['OneTrust']
https://www.polygon.com/,['OneTrust']
https://www.moonactive.com/,['OneTrust']
https://www.rona.ca/en,['OneTrust']
https://www.cloudflare.com/,['OneTrust']
https://www.monster.ie/,['OneTrust']
"https://www.sport.pl/sport-hp/0,0.html",['OneTrust']
https://www.cc.com/,['OneTrust']
https://www.foodandwine.com/,['OneTrust']
https://sift.com/,['OneTrust']
https://www.damart.fr/,['OneTrust']
https://www.lacucinaitaliana.it/,['OneTrust']
https://www.verisign.com/,['OneTrust']
https://www.sportsdirect.com/,['OneTrust']
https://www.typepad.com/,['OneTrust']
https://www.mimecast.com/,['OneTrust']
https://www.mckinsey.com/,['OneTrust']
https://www.powerreviews.com/,['OneTrust']
https://basis.com/?utm_source=sitescout&utm_medium=redirect,['OneTrust']
https://www.mtvuutiset.fi/,['OneTrust']
https://libsyn.com/,['OneTrust']
https://www.salesforce.com/marketing/b2b-automation/,['OneTrust']
https://www.telefonica.com/es/,['OneTrust']
https://www.espn.com/,['OneTrust']
https://www.mparticle.com/,['OneTrust']
https://ozoneproject.com/,['OneTrust']
https://www.malwarebytes.com/,['OneTrust']
https://www.nbcnewyork.com/,['OneTrust']
https://www.warhammer.com/en-GB/home,['OneTrust']
https://www.msdmanuals.com/,['OneTrust']
https://www.rollingstone.com/,['OneTrust']
https://www.dakar.com/en/,['OneTrust']
https://www.adswizz.com/wp-content/endurance-page-cache/_index.html,['OneTrust']
https://www.hrblock.com/,['OneTrust']
https://nypost.com/,['OneTrust']
https://www.travelandleisure.com/,['OneTrust']
https://www.nbcuniversal.com/,['OneTrust']
https://www.resume.com/,['OneTrust']
https://www.yahooinc.com/,['OneTrust']
https://www.vogue.mx/,['OneTrust']
https://zetaglobal.com/zeta-intelligence/,['OneTrust']
https://www.npr.org/,['OneTrust']
https://www.salesforce.com/,['OneTrust']
https://www.dynamicyield.com/,['OneTrust']
https://www.eaton.com/country.html,['OneTrust']
https://www.snl24.com/,['OneTrust']
https://www.avianca.com/es/,['OneTrust']
https://www.garnstudio.com/,['OneTrust']
https://moodle.com/,['OneTrust']
https://www.web.com/,['OneTrust']
https://www.drogasil.com.br/,['OneTrust']
https://www.thebalancemoney.com/,['OneTrust']
https://www.vogue.in/,['OneTrust']
https://flippingbook.com/,['OneTrust']
https://www.honda.com/,['OneTrust']
https://www.olx.bg/,['OneTrust']
https://foursquare.com/,['OneTrust']
https://www.tombola.it/,['OneTrust']
https://www.womenshealthmag.com/,['OneTrust']
https://www.opentable.com/,['OneTrust']
https://www.therange.co.uk/,['OneTrust']
https://www.trendyol.com/en/select-country,['OneTrust']
https://www.monster.com/,['OneTrust']
https://www.chicos.com/store/,['OneTrust']
https://www.ovs.it/it/it/,['OneTrust']
https://heylink.me/jebol556677/,['OneTrust']
https://www.flashscore.com/,['OneTrust']
https://gamedistribution.com/,['OneTrust']
https://www.expedia.com/,['OneTrust']
https://picsart.com/,['OneTrust']
https://quip.com/,['OneTrust']
https://www.motortrend.com/,['OneTrust']
https://www.avg.com/en-us/homepage#mac,['OneTrust']
https://www.ice.com/index,['OneTrust']
https://www.codecademy.com/,['OneTrust']
https://www.prosport.ro/,['OneTrust']
https://www.deseret.com/,['OneTrust']
https://www.bhg.com/,['OneTrust']
https://www.whitepages.com/,['OneTrust']
https://www.flashscore.fr/,['OneTrust']
https://www.nerdwallet.com/,['OneTrust']
https://www.arcxp.com/,['OneTrust']
https://www.trimble.com/en,['OneTrust']
https://www.nokia.com/bell-labs/,['OneTrust']
https://www.rp.pl/,['OneTrust']
https://www.starlink.com/,['OneTrust']
https://nymag.com/,['OneTrust']
https://tunein.com/,['OneTrust']
https://www.cisco.com/c/en/us/products/security/kenna-is-part-of-cisco.html,['OneTrust']
https://www.instructure.com/,['OneTrust']
https://www.countryliving.com/,['OneTrust']
https://www.vogue.com/,['OneTrust']
https://www.salesforce.com/,['OneTrust']
https://www.jstor.org/,['OneTrust']
https://www.intuit.com/,['OneTrust']
https://open.spotify.com/,['OneTrust']
https://www.dictionary.com/,['OneTrust']
https://www.adyen.com/,['OneTrust']
https://www.purestorage.com/,['OneTrust']
https://www.thefuse.co.za/#gsc.tab=0,['OneTrust']
https://www.lonelyplanet.com/,['OneTrust']
https://www.flaticon.com/,['OneTrust']
https://www.classmates.com/,['OneTrust']
https://www.menlosecurity.com/,['OneTrust']
https://www.intercom.com/,['OneTrust']
https://ee.co.uk/,['OneTrust']
https://www.vivastreet.co.uk/,['OneTrust']
https://www.flashscore.co.id/,['OneTrust']
https://www.acast.com/,['OneTrust']
https://www.michaels.com/,['OneTrust']
https://www.leroymerlin.com.br/,['OneTrust']
https://www.eurobet.it/it/,['OneTrust']
https://sportal.bg/,['OneTrust']
https://www.snowflake.com/en/,['OneTrust']
https://afrinic.net/,['OneTrust']
https://www.automox.com/,['OneTrust']
https://www.rottentomatoes.com/,['OneTrust']
https://www.yomiuri.co.jp/,['OneTrust']
https://arcticwolf.com/cylance/,['OneTrust']
https://www.statnews.com/,['OneTrust']
https://www.znanylekarz.pl/,['OneTrust']
https://tidal.com/,['OneTrust']
https://www.conforama.fr/,['OneTrust']
https://wwd.com/,['OneTrust']
https://pixabay.com/,['OneTrust']
https://zloteprzeboje.pl/,['OneTrust']
https://www.nfpa.org/,['OneTrust']
https://worldoftanks.eu/,['OneTrust']
https://www.allianz.com/en.html,['OneTrust']
https://doodle.com/en/,['OneTrust']
https://www.larousse.fr/,['OneTrust']
https://www.ringcentral.com/,['OneTrust']
https://www.nice.com/,['OneTrust']
https://www.canadiantire.ca/en.html,['OneTrust']
https://thehill.com/,['OneTrust']
https://www.auchan.fr/,['OneTrust']
https://www.pexels.com/,['OneTrust']
https://www.match.com/,['OneTrust']
https://www.bentley.com/,['OneTrust']
https://www.cosmopolitan.com/,['OneTrust']
https://www.rubrik.com/,['OneTrust']
https://www.lidl.hu/,['OneTrust']
https://www.abercrombie.com/shop/us,['OneTrust']
https://www.gandul.ro/,['OneTrust']
https://www.simplyrecipes.com/,['OneTrust']
https://www.disney.com/,['OneTrust']
https://www.flashscore.gr/,['OneTrust']
https://gopro.com/en/us/,['OneTrust']
https://www.gq.com/,['OneTrust']
https://www.allstate.com/,['OneTrust']
https://www.applovin.com/,['OneTrust']
https://www.digi24.ro/?__grsc=cookieIsUndef0&__grts=58081247&__grua=4db89bfa49eaf1b4bd9d3777e41a5feb&__grrn=1,['OneTrust']
https://soundcloud.com/,['OneTrust']
https://www.papajohns.com/,['OneTrust']
https://secure.sahibinden.com/login?return_url=https%3A%2F%2Fbanaozel.sahibinden.com%2F,['OneTrust']
https://www.manchester.ac.uk/,['OneTrust']
https://www.libertatea.ro/,['OneTrust']
https://www.hostgator.com.br/,['OneTrust']
https://splashthat.com/,['OneTrust']
https://www.acronis.com/en-us/homepage/b/,['OneTrust']
https://discord.com/,['OneTrust']
https://www.christies.com/,['OneTrust']
https://ktla.com/,['OneTrust']
https://hyprmx.com/,['OneTrust']
https://www.premierleague.com/,['OneTrust']
https://www.akamai.com/,['OneTrust']
https://www.freepik.es/,['OneTrust']
https://www.asos.com/?,['OneTrust']
https://www.bangkokbiznews.com/,['OneTrust']
https://www.nutanix.com/,['OneTrust']
https://www.opentext.com/?o=mf,['OneTrust']
https://www.discovery.com/?aid=452688&cid=4864859&crid=123092844,['OneTrust']
https://www.vinted.nl/,['OneTrust']
https://www.cancerresearchuk.org/,['OneTrust']
https://www.lidl.it/,['OneTrust']
https://www.thespruce.com/,['OneTrust']
https://www.sportingnews.com/us,['OneTrust']
https://www.vsco.co/,['OneTrust']
https://www.carscommerce.inc/dealer-inspire/,['OneTrust']
https://www.flashscore.pl/,['OneTrust']
https://www.vinted.fr/,['OneTrust']
https://www.icc-cricket.com/,['OneTrust']
https://www.marriott.com/default.mi,['OneTrust']
https://www.applebees.com/en,['OneTrust']
https://www.vulture.com/,['OneTrust']
https://www.pandasecurity.com/,['OneTrust']
https://click.ro/,['OneTrust']
https://www.fragrancenet.com/,['OneTrust']
https://www.greenhouse.com/,['OneTrust']
https://www.mongodb.com/,['OneTrust']
https://www.carfax.com/,['OneTrust']
https://www.sainsburys.co.uk/,['OneTrust']
https://mattermost.com/,['OneTrust']
https://www.espn.com/,['OneTrust']
https://patch.com/,['OneTrust']
https://www.web.com/brands?brand=homestead&channelID=P99C101S653N0B2A16D132E0000V102,['OneTrust']
https://www.brevo.com/,['OneTrust']
https://www.sardine.ai/,['OneTrust']
https://www.jumbo.com/,['OneTrust']
https://www.thesaurus.com/,['OneTrust']
https://www.tippmixpro.hu/,['OneTrust']
https://adevarul.ro/,['OneTrust']
https://www.trendmicro.com/en_us/business.html,['OneTrust']
https://www.planeta.pl/,['OneTrust']
https://www.instyle.com/,['OneTrust']
https://www.eredmenyek.com/,['OneTrust']
https://plan.fasteasy.io/onboarding,['OneTrust']
https://bgr.com/,['OneTrust']
https://www.voicemod.net/,['OneTrust']
https://www.rebrandly.com/,['OneTrust']
https://www.musixmatch.com/,['OneTrust']
https://www.boticario.com.br/,['OneTrust']
https://www.tasteofhome.com/,['OneTrust']
https://www.payback.de/,['OneTrust']
https://squareup.com/us/en,['OneTrust']
https://clickup.com/,['OneTrust']
https://www.pubnub.com/,['OneTrust']
https://www.flashscore.com.br/,['OneTrust']
https://www.cnbc.com/,['OneTrust']
https://www.howstuffworks.com/,['OneTrust']
https://www.trustpilot.com/,['OneTrust']
https://supersport.com/,['OneTrust']
https://arcticwolf.com/,['OneTrust']
https://www.consumerreports.org/,['OneTrust']
https://www.ica.se/,['OneTrust']
https://www.hollywoodreporter.com/,['OneTrust']
https://www.seagate.com/,['OneTrust']
https://www.dexcom.com/,['OneTrust']
https://www.aap.org/,['OneTrust']
https://abc.com/,['OneTrust']
https://www.medtronic.com/en-us/index.html,['OneTrust']
https://www.jpmorganchase.com/,['OneTrust']
https://www.univision.com/,['OneTrust']
https://www.postman.com/,['OneTrust']
https://www.avid.com/,['OneTrust']
https://www.broadcom.com/,['OneTrust']
https://www.desjardins.com/,['OneTrust']
https://ui.com/,['OneTrust']
https://www.onetrust.com/,['OneTrust']
https://www.signifyd.com/,['OneTrust']
https://www.flashscorekz.com/,['OneTrust']
https://www.blackberry.com/us/en,['OneTrust']
https://pos.toasttab.com/,['OneTrust']
https://www.bazaarvoice.com/,['OneTrust']
https://www.freepik.com/,['OneTrust']
https://www.udemy.com/,['OneTrust']
https://nap.nationalacademies.org/,['OneTrust']
https://www.comcasttechnologysolutions.com/,['OneTrust']
https://www.nationwide.co.uk/,['OneTrust']
https://www.imaginelearning.com/,['OneTrust']
https://www.redbull.com/us-en,['OneTrust']
https://www.1177.se/,['OneTrust']
https://www.bugetul.ro/,['OneTrust']
https://www.salesforce.com/platform/,['OneTrust']
https://www.wizzair.com/en-gb,['OneTrust']
https://www.netflix.com/,['OneTrust']
https://www.intercom.com/,['OneTrust']
https://www.intercom.com/,['OneTrust']
https://www.wellsfargo.com/,['OneTrust']
https://sketchfab.com/,['OneTrust']
https://www.thebalancemoney.com/,['OneTrust']
"https://g.pl/news/0,0.html",['OneTrust']
https://www.salesforce.com/marketing/engagement/,['OneTrust']
https://www.edx.org/,['OneTrust']
https://www.soccer24.com/,['OneTrust']
https://www.vinted.de/,['OneTrust']
https://www.cbssports.com/,['OneTrust']
https://www.barracuda.com/,['OneTrust']
https://mailchimp.com/,['OneTrust']
https://www.n-able.com/,['OneTrust']
"https://www.plotek.pl/plotek/0,0.html",['OneTrust']
https://www.duolingo.com/,['OneTrust']
https://coinmarketcap.com/,['OneTrust']
https://www.contentstack.com/,['OneTrust']
"https://moto.pl/MotoPL/0,0.html",['OneTrust']
https://www.inquirer.com/,['OneTrust']
https://www.paloaltonetworks.com/,['OneTrust']
https://www.swagbucks.com/,['OneTrust']
https://www.samsung.com/us/smartthings/,['OneTrust']
https://www.cvent.com/,['OneTrust']
https://www.parallels.com/,['OneTrust']
https://www.verywellmind.com/,['OneTrust']
https://centurylink.net/,['OneTrust']
https://www.ssrn.com/index.cfm/en/,['OneTrust']
https://www.aetna.com/,['OneTrust']
https://www.dyson.com/en,['OneTrust']
https://www.bluecore.com/,['OneTrust']
https://www.vml.com/,['OneTrust']
https://www.fotogramas.es/,['OneTrust']
https://www.huffpost.com/,['OneTrust']
https://saucelabs.com/,['OneTrust']
https://www.on24.com/,['OneTrust']
https://celtra.com/,['OneTrust']
https://www.forticloud.com/#/,['OneTrust']
https://workers.cloudflare.com/,['OneTrust']
https://www.identrust.com/,['OneTrust']
https://www.hpwolf.com/en/,['OneTrust']
https://www.appsflyer.com/,['OneTrust']
https://www.mulesoft.com/,['OneTrust']
https://www.netzwelt.de/,['OneTrust']
https://www.glamour.com/,['OneTrust']
https://www.cisco.com/site/us/en/products/security/index.html,['OneTrust']
https://www.currys.co.uk/,['OneTrust']
https://www.glassdoor.com.br/index.htm,['OneTrust']
https://www.boozt.com/,['OneTrust']
https://www.obramat.es/,['OneTrust']
https://www.flightaware.com/,['OneTrust']
https://www.appsflyer.com/products/customer-experience-deep-linking/,['OneTrust']
https://www.autovit.ro/,['OneTrust']
https://www.uefa.com/,['OneTrust']
https://vwo.com/,['OneTrust']
https://newsweek.ro/,['OneTrust']
https://www.hopkinsmedicine.org/,['OneTrust']
https://www.logitech.com/en-us,['OneTrust']
https://www.roche.com/,['OneTrust']
https://www.ap.org/,['OneTrust']
https://www.thinkific.com/,['OneTrust']
https://www.procore.com/,['OneTrust']
https://www.betexplorer.com/,['OneTrust']
https://www.rtl.nl/,['OneTrust']
https://www.fordham.edu/,['OneTrust']
https://apptimize.com/,['OneTrust']
https://www.atlassian.com/,['OneTrust']
https://www.pof.com/,['OneTrust']
https://www.intel.com/content/www/us/en/homepage.html,['OneTrust']
https://www.osta.ee/,['OneTrust']
https://www.immersivelabs.com/,['OneTrust']
https://www.osu.edu/,['OneTrust']
https://ably.com/,['OneTrust']
https://www.paramountplus.com/,['OneTrust']
https://www.seriouseats.com/,['OneTrust']
https://www.technologyreview.com/,['OneTrust']
https://www.broadcom.com/products/cybersecurity,['OneTrust']
https://www.geico.com/,['OneTrust']
https://www.hottopic.com/homepage,['OneTrust']
https://www.telus.com/en/,['OneTrust']
https://gumgum.com/,['OneTrust']
https://global.fujitsu/en-global,['OneTrust']
https://reasonlabs.com/?redirect=%2F,['OneTrust']
https://fortune.com/,['OneTrust']
https://www.crunchyroll.com/,['OneTrust']
https://www.blueapron.com/,['OneTrust']
https://www.flashscore.de/,['OneTrust']
https://lotto-italia.it/,['OneTrust']
https://www.hollisterco.com/shop/us,['OneTrust']
https://www.loggly.com/,['OneTrust']
https://www.nirvam.it/,['OneTrust']
https://www.discogs.com/,['OneTrust']
https://www.techsmith.com/,['OneTrust']
https://www.swisscom.ch/en/residential.html,['OneTrust']
https://www.opendns.com/,['OneTrust']
https://www.haaretz.co.il/?page=2,['OneTrust']
https://tango.me/,['OneTrust']
https://www.mightynetworks.com/,['OneTrust']
https://www.tim.it/,['OneTrust']
https://duo.com/,['OneTrust']
https://www.sojern.com/,['OneTrust']
https://granbluefantasy.jp/,['OneTrust']
https://www.thedailybeast.com/,['OneTrust']
https://www.c-span.org//,['OneTrust']
https://www.getpublica.com/,['OneTrust']
https://cortefiel.com/es/es,['OneTrust']
https://www.principal.com/,['OneTrust']
https://www.ufc.com/,['OneTrust']
https://www.posta.com.tr/,['OneTrust']
https://www.dior.com/,['OneTrust']
https://www.king.com/,['OneTrust']
https://n1info.si/,['OneTrust']
https://it.finecobank.com/,['OneTrust']
https://www.arlo.com/en-us/,['OneTrust']
https://www.olympics.com/en/,['OneTrust']
https://www.siriusxm.com/podcasts,['OneTrust']
https://www.is.com/tapjoy/,['OneTrust']
https://www.hudl.com/,['OneTrust']
https://247sports.com/,['OneTrust']
https://www.careerbuilder.com/,['OneTrust']
https://www.cnn.com/,['OneTrust']
https://www.wordstream.com/,['OneTrust']
https://fivem.net/,['OneTrust']
https://www.forter.com/,['OneTrust']
https://n1info.rs/,['OneTrust']
https://www.ikea.com/,['OneTrust']
https://www.netlify.com/,['OneTrust']
https://www.pnc.com/en/personal-banking.html,['OneTrust']
https://www.branch.io/,['OneTrust']
https://www.litcharts.com/,['OneTrust']
https://www.lidl.de/,['OneTrust']
https://www.splunk.com/blog/,['OneTrust']
https://www.flashscore.pe/,['OneTrust']
https://www.flashscore.info/,['OneTrust']
https://jwplayer.com/,['OneTrust']
https://www.vox.com/,['OneTrust']
https://www.mandmdirect.com/,['OneTrust']
https://www.twojapogoda.pl/,['OneTrust']
https://www.blick.ch/,['OneTrust']
https://www.jamf.com/,['OneTrust']
https://www.goguardian.com/,['OneTrust']
https://www.wowhead.com/,['OneTrust']
https://www.upwork.com/,['OneTrust']
https://bethesda.net/en/dashboard,['OneTrust']
https://www.thelancet.com/,['OneTrust']
https://www.glassdoor.co.in/index.htm,['OneTrust']
https://www.rightmove.co.uk/,['OneTrust']
https://www.onepeloton.com/,['OneTrust']
https://www.halfords.com/,['OneTrust']
https://www.zscaler.com/,['OneTrust']
https://www.songkick.com/,['OneTrust']
https://www.statista.com/,['OneTrust']
https://www.simplecast.com/,['OneTrust']
https://www.nrdc.org/,['OneTrust']
https://evri.com/,['OneTrust']
https://whatfix.com/,['OneTrust']
https://www.loft.com/,['OneTrust']
https://www.caesars.com/,['OneTrust']
https://www.blogs.com/,['OneTrust']
https://www.fanatik.ro/,['OneTrust']
https://www.stradivarius.com/,['OneTrust']
https://www.matrixcare.com/,['OneTrust']
https://yoast.com/,['OneTrust']
https://www.carnival.com/,['OneTrust']
https://www.dignitymemorial.com/,['OneTrust']
https://www.salesforce.com/,['OneTrust']
https://www.sony.net/,['OneTrust']
https://www.conviva.com/,['OneTrust']
https://www.itau.com.br/,['OneTrust']
https://www.gamespot.com/,['OneTrust']
https://www.rte.ie/,['OneTrust']
https://www.paycom.com/,['OneTrust']
https://slate.com/,['OneTrust']
https://www.asics.com/us/en-us/,['OneTrust']
https://www.thetrainline.com/en-us,['OneTrust']
https://pluto.tv/us/live-tv/5a4d3a00ad95e4718ae8d8db,['OneTrust']
https://psychcentral.com/,['OneTrust']
https://www.thomsonreuters.com/en,['OneTrust']
https://www.flashscore.co/,['OneTrust']
https://www.instructure.com/canvas,['OneTrust']
https://www.boston.com/,['OneTrust']
